,question,answer,contexts,faithfulness,answer_relevancy,context_relevancy
0,Quelle est le but de définir certain termes dans les GCP?,"Le but de définir certains termes dans les CGP (Conditions Générales de Partenariat) est d'éviter toute ambigüité entre les parties quant à leur signification exacte. Ces définitions s'imposent aux parties et aident à clarifier les termes et conditions du contrat, assurant ainsi une compréhension claire et commune des obligations et des attentes.","['Agilitaton – Conditons générales de partenariat \n\n1.Définitons de certains termes applicables aux CGP \n\na.Dans les CGP, certains termes font l’objet d’une définition prévue dans cet article afin d’éviter toute ambigüité entre les parties quant à leur signification exacte. \nb.Ces définitions s’imposent donc aux Parties. \n- Annexe(s) : désigne le(s) document(s) que les parties rédigent séparément et joignent au contrat. L’annexe s’intègre aux CGP et constitue un tout indissociable avec lui. Contrat ou CGP : il s’agit des présentes conditions générales également \n- Obligation de moyen : engagement contractuel qui astreint une Partie à mettre en œuvre les moyens et techniques les plus efficaces connus au jour de la signature de la convention pour atteindre le résultat fixé par le contrat. \n- Partie(s) : ce terme désigne individuellement ou collectivement le Partenaire et Agilitation \n- Partenaire : désigne la Partie qui contracte avec la SAS Agilitation. \n- RGPD : ou « règlement général sur la protection des données » Règlement (UE) 2016/679 du Parlement Européen et du Conseil du 27 avril 2016 : il s’agit du règlement européen protégeant les données à caractère personnelles Supports : partenaires commerciaux supports de diffusion des campagnes de marketing mises en place par Agilitation \n\n2.Objet du contrat. \na.Le Contrat fixe les règles de collaboration entre les parties et prime sur tout autre document contractuel qui est dès lors inopposable à Agilitation. \nb.Le Contrat peut être complété par des annexes qui peuvent y déroger et/ou le compléter dès lors qu’elles sont signées par les Parties. \n\n3.Compréhension des objectifs poursuivis par le Contrat. \na.En signant le Contrat, les Parties déclarent qu’elles ont pu exprimer l’ensemble de leurs demandes. \nb.Les Parties déclarent qu’elles ont pu obtenir toutes les réponses à leurs questions et que le périmètre des missions confiées a parfaitement été compris et accepté.\n\n\n4.Collaboration des parties\na.Les Parties conviennent de collaborer activement pour atteindre les objectifs de leur partenariat.\nb.Quand la mise en place d’une démarche nécessite un accord préalable d’une Partie, les Parties font preuve de réactivité pour formaliser une réponse.\nc.']",1.0,0.9385770436469906,0.047619047619047616
1,l'annexe peut-elle être séparée des GCP?,"Selon les Conditions générales de partenariat (CGP) fournies, l'annexe ne peut pas être séparée des CGP. Elle est définie comme un document que les parties rédigent séparément et joignent au contrat. L'annexe s'intègre aux CGP et constitue un tout indissociable avec lui. De plus, le contrat peut être complété par des annexes qui peuvent y déroger et/ou le compléter dès lors qu'elles sont signées par les parties.","['Agilitaton – Conditons générales de partenariat \n\n1.Définitons de certains termes applicables aux CGP \n\na.Dans les CGP, certains termes font l’objet d’une définition prévue dans cet article afin d’éviter toute ambigüité entre les parties quant à leur signification exacte. \nb.Ces définitions s’imposent donc aux Parties. \n- Annexe(s) : désigne le(s) document(s) que les parties rédigent séparément et joignent au contrat. L’annexe s’intègre aux CGP et constitue un tout indissociable avec lui. Contrat ou CGP : il s’agit des présentes conditions générales également \n- Obligation de moyen : engagement contractuel qui astreint une Partie à mettre en œuvre les moyens et techniques les plus efficaces connus au jour de la signature de la convention pour atteindre le résultat fixé par le contrat. \n- Partie(s) : ce terme désigne individuellement ou collectivement le Partenaire et Agilitation \n- Partenaire : désigne la Partie qui contracte avec la SAS Agilitation. \n- RGPD : ou « règlement général sur la protection des données » Règlement (UE) 2016/679 du Parlement Européen et du Conseil du 27 avril 2016 : il s’agit du règlement européen protégeant les données à caractère personnelles Supports : partenaires commerciaux supports de diffusion des campagnes de marketing mises en place par Agilitation \n\n2.Objet du contrat. \na.Le Contrat fixe les règles de collaboration entre les parties et prime sur tout autre document contractuel qui est dès lors inopposable à Agilitation. \nb.Le Contrat peut être complété par des annexes qui peuvent y déroger et/ou le compléter dès lors qu’elles sont signées par les Parties. \n\n3.Compréhension des objectifs poursuivis par le Contrat. \na.En signant le Contrat, les Parties déclarent qu’elles ont pu exprimer l’ensemble de leurs demandes. \nb.Les Parties déclarent qu’elles ont pu obtenir toutes les réponses à leurs questions et que le périmètre des missions confiées a parfaitement été compris et accepté.\n\n\n4.Collaboration des parties\na.Les Parties conviennent de collaborer activement pour atteindre les objectifs de leur partenariat.\nb.Quand la mise en place d’une démarche nécessite un accord préalable d’une Partie, les Parties font preuve de réactivité pour formaliser une réponse.\nc.']",1.0,0.8402942611323331,0.047619047619047616
2,Par quel terem générique est désigné le GCP?,"Le terme générique par lequel est désigné le GCP est ""Contrat"" ou ""Conditions Générales de Partenariat"".","['Agilitaton – Conditons générales de partenariat \n\n1.Définitons de certains termes applicables aux CGP \n\na.Dans les CGP, certains termes font l’objet d’une définition prévue dans cet article afin d’éviter toute ambigüité entre les parties quant à leur signification exacte. \nb.Ces définitions s’imposent donc aux Parties. \n- Annexe(s) : désigne le(s) document(s) que les parties rédigent séparément et joignent au contrat. L’annexe s’intègre aux CGP et constitue un tout indissociable avec lui. Contrat ou CGP : il s’agit des présentes conditions générales également \n- Obligation de moyen : engagement contractuel qui astreint une Partie à mettre en œuvre les moyens et techniques les plus efficaces connus au jour de la signature de la convention pour atteindre le résultat fixé par le contrat. \n- Partie(s) : ce terme désigne individuellement ou collectivement le Partenaire et Agilitation \n- Partenaire : désigne la Partie qui contracte avec la SAS Agilitation. \n- RGPD : ou « règlement général sur la protection des données » Règlement (UE) 2016/679 du Parlement Européen et du Conseil du 27 avril 2016 : il s’agit du règlement européen protégeant les données à caractère personnelles Supports : partenaires commerciaux supports de diffusion des campagnes de marketing mises en place par Agilitation \n\n2.Objet du contrat. \na.Le Contrat fixe les règles de collaboration entre les parties et prime sur tout autre document contractuel qui est dès lors inopposable à Agilitation. \nb.Le Contrat peut être complété par des annexes qui peuvent y déroger et/ou le compléter dès lors qu’elles sont signées par les Parties. \n\n3.Compréhension des objectifs poursuivis par le Contrat. \na.En signant le Contrat, les Parties déclarent qu’elles ont pu exprimer l’ensemble de leurs demandes. \nb.Les Parties déclarent qu’elles ont pu obtenir toutes les réponses à leurs questions et que le périmètre des missions confiées a parfaitement été compris et accepté.\n\n\n4.Collaboration des parties\na.Les Parties conviennent de collaborer activement pour atteindre les objectifs de leur partenariat.\nb.Quand la mise en place d’une démarche nécessite un accord préalable d’une Partie, les Parties font preuve de réactivité pour formaliser une réponse.\nc.']",1.0,0.940746225586638,0.047619047619047616
3,Quelle est la signification de RGPD?,"La signification de RGPD est ""règlement général sur la protection des données"". Il s'agit du Règlement (UE) 2016/679 du Parlement Européen et du Conseil du 27 avril 2016, qui est un règlement européen protégeant les données à caractère personnel.","['Agilitaton – Conditons générales de partenariat \n\n1.Définitons de certains termes applicables aux CGP \n\na.Dans les CGP, certains termes font l’objet d’une définition prévue dans cet article afin d’éviter toute ambigüité entre les parties quant à leur signification exacte. \nb.Ces définitions s’imposent donc aux Parties. \n- Annexe(s) : désigne le(s) document(s) que les parties rédigent séparément et joignent au contrat. L’annexe s’intègre aux CGP et constitue un tout indissociable avec lui. Contrat ou CGP : il s’agit des présentes conditions générales également \n- Obligation de moyen : engagement contractuel qui astreint une Partie à mettre en œuvre les moyens et techniques les plus efficaces connus au jour de la signature de la convention pour atteindre le résultat fixé par le contrat. \n- Partie(s) : ce terme désigne individuellement ou collectivement le Partenaire et Agilitation \n- Partenaire : désigne la Partie qui contracte avec la SAS Agilitation. \n- RGPD : ou « règlement général sur la protection des données » Règlement (UE) 2016/679 du Parlement Européen et du Conseil du 27 avril 2016 : il s’agit du règlement européen protégeant les données à caractère personnelles Supports : partenaires commerciaux supports de diffusion des campagnes de marketing mises en place par Agilitation \n\n2.Objet du contrat. \na.Le Contrat fixe les règles de collaboration entre les parties et prime sur tout autre document contractuel qui est dès lors inopposable à Agilitation. \nb.Le Contrat peut être complété par des annexes qui peuvent y déroger et/ou le compléter dès lors qu’elles sont signées par les Parties. \n\n3.Compréhension des objectifs poursuivis par le Contrat. \na.En signant le Contrat, les Parties déclarent qu’elles ont pu exprimer l’ensemble de leurs demandes. \nb.Les Parties déclarent qu’elles ont pu obtenir toutes les réponses à leurs questions et que le périmètre des missions confiées a parfaitement été compris et accepté.\n\n\n4.Collaboration des parties\na.Les Parties conviennent de collaborer activement pour atteindre les objectifs de leur partenariat.\nb.Quand la mise en place d’une démarche nécessite un accord préalable d’une Partie, les Parties font preuve de réactivité pour formaliser une réponse.\nc.']",1.0,0.9999999999999997,0.047619047619047616
4,De quand date le RGPD?,"Le RGPD, ou « règlement général sur la protection des données » Règlement (UE) 2016/679, date du 27 avril 2016.","['Agilitaton – Conditons générales de partenariat \n\n1.Définitons de certains termes applicables aux CGP \n\na.Dans les CGP, certains termes font l’objet d’une définition prévue dans cet article afin d’éviter toute ambigüité entre les parties quant à leur signification exacte. \nb.Ces définitions s’imposent donc aux Parties. \n- Annexe(s) : désigne le(s) document(s) que les parties rédigent séparément et joignent au contrat. L’annexe s’intègre aux CGP et constitue un tout indissociable avec lui. Contrat ou CGP : il s’agit des présentes conditions générales également \n- Obligation de moyen : engagement contractuel qui astreint une Partie à mettre en œuvre les moyens et techniques les plus efficaces connus au jour de la signature de la convention pour atteindre le résultat fixé par le contrat. \n- Partie(s) : ce terme désigne individuellement ou collectivement le Partenaire et Agilitation \n- Partenaire : désigne la Partie qui contracte avec la SAS Agilitation. \n- RGPD : ou « règlement général sur la protection des données » Règlement (UE) 2016/679 du Parlement Européen et du Conseil du 27 avril 2016 : il s’agit du règlement européen protégeant les données à caractère personnelles Supports : partenaires commerciaux supports de diffusion des campagnes de marketing mises en place par Agilitation \n\n2.Objet du contrat. \na.Le Contrat fixe les règles de collaboration entre les parties et prime sur tout autre document contractuel qui est dès lors inopposable à Agilitation. \nb.Le Contrat peut être complété par des annexes qui peuvent y déroger et/ou le compléter dès lors qu’elles sont signées par les Parties. \n\n3.Compréhension des objectifs poursuivis par le Contrat. \na.En signant le Contrat, les Parties déclarent qu’elles ont pu exprimer l’ensemble de leurs demandes. \nb.Les Parties déclarent qu’elles ont pu obtenir toutes les réponses à leurs questions et que le périmètre des missions confiées a parfaitement été compris et accepté.\n\n\n4.Collaboration des parties\na.Les Parties conviennent de collaborer activement pour atteindre les objectifs de leur partenariat.\nb.Quand la mise en place d’une démarche nécessite un accord préalable d’une Partie, les Parties font preuve de réactivité pour formaliser une réponse.\nc.']",1.0,0.9109377396784618,0.047619047619047616
5,Sur quoi prévaut le contract et ses règles de collaboration?,"Le contrat et ses règles de collaboration prévalent sur plusieurs aspects. Ils prévalent sur la communication entre les parties pour la réalisation des prestations, sur la considération des qualités du partenaire (intuitu personae), sur la désignation et le remplacement du personnel référent, sur les missions détaillées du partenaire, et sur l'obligation générale de conseil du partenaire. De plus, le contrat stipule que le partenaire ne peut pas transférer ou céder ses droits et obligations sans accord écrit, et qu'il peut sous-traiter certaines de ses missions en respectant les règles du contrat. Enfin, le contrat prévoit que le partenaire doit respecter la réglementation en vigueur et remettre des livrables libres de tous droits.","['Les Parties se communiquent les éléments nécessaires à la réalisation des prestations dans les meilleurs délais ou dans le respect des dispositions particulières prévues entre eux.\n\n\n5.Intuitu personae\na.Le contrat est conclu en considération des qualités du Partenaire (intuitu personae)\nb.Le Partenaire ne peut pas transférer ou céder une partie ou la totalité des droits et obligations prévus par le Contrat et/ ou ses Annexes à quelqu’un d’autre, sauf accord écrit d’Agilitation.\nc.Le Partenaire peut cependant sous-traiter certaines de ses missions, sous réserve du respect des règles qui s’appliquent à ce cas de figure dans le Contrat.\n\n\n6.Personnel référant, désignation & remplacement. \na.Les parties peuvent désigner chacune une personne référente sur les projets en cours pour fluidifier les échanges. \nb. Ces personnes doivent alors être en mesure d’accepter ou de refuser rapidement les propositions techniques proposées par le Partenaire et de faire les choix nécessaires à l’avancée des missions pour éviter des retards de mise en place et/ou de déploiements des prestations attendues. \nc.Les parties remplacent sans délai le référent désigné dès que c’est nécessaire.\u2028d.Les parties s’informent sans délai de l’absence de ces \npersonnes si cela peut affecter le bon déroulement des \nmissions à accomplir.\u2028e.Les Parties ne peuvent s’opposer le défaut d’habilitation d’une personne si elles n’ont désigné aucun référent et devront assumer la responsabilité liée à la demande formalisée par ce canal. \n\n7.Missions \na.Les missions du Partenaire sont détaillées avec précision en Annexe du Contrat. \nb.Le Partenaire rend compte de ses missions dans les conditions prévues au Contrat. \nc.Agilitation demeure en tout état de cause seule décisionnaire finale des choix stratégiques opérés pour la mise en place différentes actions réalisées par le Partenaire. \n\n8.Obligation générale de conseil. \na.Le Partenaire est tenu dans l’exécution de ses missions à une obligation générale de conseil et de respect de la réglementation en vigueur. \nb.Le Partenaire s’engage notamment à effectuer les prestations et/ou à remettre les livrables libre(s) de tous droits dans la limite des recherches pouvant être accomplies et de l’information qu’Agilitation lui aura communiqué. \nc.']",0.3333333333333333,0.9447321491463754,0.047619047619047616
6,Par quoi peut être complété le contract?,"Le contrat peut être complété par des annexes détaillant les missions du Partenaire, des accords écrits concernant la sous-traitance ou le transfert de droits et obligations, la désignation de personnes référentes pour les projets, et des obligations générales de conseil et de respect de la réglementation en vigueur.","['Les Parties se communiquent les éléments nécessaires à la réalisation des prestations dans les meilleurs délais ou dans le respect des dispositions particulières prévues entre eux.\n\n\n5.Intuitu personae\na.Le contrat est conclu en considération des qualités du Partenaire (intuitu personae)\nb.Le Partenaire ne peut pas transférer ou céder une partie ou la totalité des droits et obligations prévus par le Contrat et/ ou ses Annexes à quelqu’un d’autre, sauf accord écrit d’Agilitation.\nc.Le Partenaire peut cependant sous-traiter certaines de ses missions, sous réserve du respect des règles qui s’appliquent à ce cas de figure dans le Contrat.\n\n\n6.Personnel référant, désignation & remplacement. \na.Les parties peuvent désigner chacune une personne référente sur les projets en cours pour fluidifier les échanges. \nb. Ces personnes doivent alors être en mesure d’accepter ou de refuser rapidement les propositions techniques proposées par le Partenaire et de faire les choix nécessaires à l’avancée des missions pour éviter des retards de mise en place et/ou de déploiements des prestations attendues. \nc.Les parties remplacent sans délai le référent désigné dès que c’est nécessaire.\u2028d.Les parties s’informent sans délai de l’absence de ces \npersonnes si cela peut affecter le bon déroulement des \nmissions à accomplir.\u2028e.Les Parties ne peuvent s’opposer le défaut d’habilitation d’une personne si elles n’ont désigné aucun référent et devront assumer la responsabilité liée à la demande formalisée par ce canal. \n\n7.Missions \na.Les missions du Partenaire sont détaillées avec précision en Annexe du Contrat. \nb.Le Partenaire rend compte de ses missions dans les conditions prévues au Contrat. \nc.Agilitation demeure en tout état de cause seule décisionnaire finale des choix stratégiques opérés pour la mise en place différentes actions réalisées par le Partenaire. \n\n8.Obligation générale de conseil. \na.Le Partenaire est tenu dans l’exécution de ses missions à une obligation générale de conseil et de respect de la réglementation en vigueur. \nb.Le Partenaire s’engage notamment à effectuer les prestations et/ou à remettre les livrables libre(s) de tous droits dans la limite des recherches pouvant être accomplies et de l’information qu’Agilitation lui aura communiqué. \nc.']",1.0,0.9016494607176609,0.47619047619047616
7,Quelle est la condition pour que les annexes dérogent ou complètent le contract?,La condition pour que les annexes dérogent ou complètent le contrat est qu'elles soient signées par les Parties.,"['Agilitaton – Conditons générales de partenariat \n\n1.Définitons de certains termes applicables aux CGP \n\na.Dans les CGP, certains termes font l’objet d’une définition prévue dans cet article afin d’éviter toute ambigüité entre les parties quant à leur signification exacte. \nb.Ces définitions s’imposent donc aux Parties. \n- Annexe(s) : désigne le(s) document(s) que les parties rédigent séparément et joignent au contrat. L’annexe s’intègre aux CGP et constitue un tout indissociable avec lui. Contrat ou CGP : il s’agit des présentes conditions générales également \n- Obligation de moyen : engagement contractuel qui astreint une Partie à mettre en œuvre les moyens et techniques les plus efficaces connus au jour de la signature de la convention pour atteindre le résultat fixé par le contrat. \n- Partie(s) : ce terme désigne individuellement ou collectivement le Partenaire et Agilitation \n- Partenaire : désigne la Partie qui contracte avec la SAS Agilitation. \n- RGPD : ou « règlement général sur la protection des données » Règlement (UE) 2016/679 du Parlement Européen et du Conseil du 27 avril 2016 : il s’agit du règlement européen protégeant les données à caractère personnelles Supports : partenaires commerciaux supports de diffusion des campagnes de marketing mises en place par Agilitation \n\n2.Objet du contrat. \na.Le Contrat fixe les règles de collaboration entre les parties et prime sur tout autre document contractuel qui est dès lors inopposable à Agilitation. \nb.Le Contrat peut être complété par des annexes qui peuvent y déroger et/ou le compléter dès lors qu’elles sont signées par les Parties. \n\n3.Compréhension des objectifs poursuivis par le Contrat. \na.En signant le Contrat, les Parties déclarent qu’elles ont pu exprimer l’ensemble de leurs demandes. \nb.Les Parties déclarent qu’elles ont pu obtenir toutes les réponses à leurs questions et que le périmètre des missions confiées a parfaitement été compris et accepté.\n\n\n4.Collaboration des parties\na.Les Parties conviennent de collaborer activement pour atteindre les objectifs de leur partenariat.\nb.Quand la mise en place d’une démarche nécessite un accord préalable d’une Partie, les Parties font preuve de réactivité pour formaliser une réponse.\nc.']",1.0,0.9978159382516166,0.047619047619047616
8,La signature du contract par les parties engage ...,"La signature du contrat par les parties engage leur responsabilité dans le respect des obligations et des dispositions prévues dans le contrat. Cela inclut la communication des éléments nécessaires à la réalisation des prestations, le respect des règles d'intuitu personae, la désignation et le remplacement du personnel référent, l'exécution des missions détaillées dans le contrat, et l'obligation générale de conseil. Le partenaire ne peut pas transférer ou céder ses droits et obligations sans un accord écrit. Les parties sont également tenues de remplacer le référent désigné si nécessaire et d'informer l'autre partie de toute absence qui pourrait affecter le bon déroulement des missions. Enfin, le partenaire est tenu à une obligation générale de conseil et de respect de la réglementation en vigueur.","['Les Parties se communiquent les éléments nécessaires à la réalisation des prestations dans les meilleurs délais ou dans le respect des dispositions particulières prévues entre eux.\n\n\n5.Intuitu personae\na.Le contrat est conclu en considération des qualités du Partenaire (intuitu personae)\nb.Le Partenaire ne peut pas transférer ou céder une partie ou la totalité des droits et obligations prévus par le Contrat et/ ou ses Annexes à quelqu’un d’autre, sauf accord écrit d’Agilitation.\nc.Le Partenaire peut cependant sous-traiter certaines de ses missions, sous réserve du respect des règles qui s’appliquent à ce cas de figure dans le Contrat.\n\n\n6.Personnel référant, désignation & remplacement. \na.Les parties peuvent désigner chacune une personne référente sur les projets en cours pour fluidifier les échanges. \nb. Ces personnes doivent alors être en mesure d’accepter ou de refuser rapidement les propositions techniques proposées par le Partenaire et de faire les choix nécessaires à l’avancée des missions pour éviter des retards de mise en place et/ou de déploiements des prestations attendues. \nc.Les parties remplacent sans délai le référent désigné dès que c’est nécessaire.\u2028d.Les parties s’informent sans délai de l’absence de ces \npersonnes si cela peut affecter le bon déroulement des \nmissions à accomplir.\u2028e.Les Parties ne peuvent s’opposer le défaut d’habilitation d’une personne si elles n’ont désigné aucun référent et devront assumer la responsabilité liée à la demande formalisée par ce canal. \n\n7.Missions \na.Les missions du Partenaire sont détaillées avec précision en Annexe du Contrat. \nb.Le Partenaire rend compte de ses missions dans les conditions prévues au Contrat. \nc.Agilitation demeure en tout état de cause seule décisionnaire finale des choix stratégiques opérés pour la mise en place différentes actions réalisées par le Partenaire. \n\n8.Obligation générale de conseil. \na.Le Partenaire est tenu dans l’exécution de ses missions à une obligation générale de conseil et de respect de la réglementation en vigueur. \nb.Le Partenaire s’engage notamment à effectuer les prestations et/ou à remettre les livrables libre(s) de tous droits dans la limite des recherches pouvant être accomplies et de l’information qu’Agilitation lui aura communiqué. \nc.']",1.0,0.8384969894470004,0.047619047619047616
9,Les parties doivent-elles colllaborer pour atteindre l'objectif? Ou bien que l'une des deux?,"Les deux parties doivent collaborer pour atteindre l'objectif. Les documents indiquent que les parties se communiquent les éléments nécessaires à la réalisation des prestations et peuvent désigner chacune une personne référente pour faciliter les échanges. De plus, le partenaire a une obligation générale de conseil et doit respecter la réglementation en vigueur. Cependant, Agilitation demeure la seule décisionnaire finale des choix stratégiques.","['Les Parties se communiquent les éléments nécessaires à la réalisation des prestations dans les meilleurs délais ou dans le respect des dispositions particulières prévues entre eux.\n\n\n5.Intuitu personae\na.Le contrat est conclu en considération des qualités du Partenaire (intuitu personae)\nb.Le Partenaire ne peut pas transférer ou céder une partie ou la totalité des droits et obligations prévus par le Contrat et/ ou ses Annexes à quelqu’un d’autre, sauf accord écrit d’Agilitation.\nc.Le Partenaire peut cependant sous-traiter certaines de ses missions, sous réserve du respect des règles qui s’appliquent à ce cas de figure dans le Contrat.\n\n\n6.Personnel référant, désignation & remplacement. \na.Les parties peuvent désigner chacune une personne référente sur les projets en cours pour fluidifier les échanges. \nb. Ces personnes doivent alors être en mesure d’accepter ou de refuser rapidement les propositions techniques proposées par le Partenaire et de faire les choix nécessaires à l’avancée des missions pour éviter des retards de mise en place et/ou de déploiements des prestations attendues. \nc.Les parties remplacent sans délai le référent désigné dès que c’est nécessaire.\u2028d.Les parties s’informent sans délai de l’absence de ces \npersonnes si cela peut affecter le bon déroulement des \nmissions à accomplir.\u2028e.Les Parties ne peuvent s’opposer le défaut d’habilitation d’une personne si elles n’ont désigné aucun référent et devront assumer la responsabilité liée à la demande formalisée par ce canal. \n\n7.Missions \na.Les missions du Partenaire sont détaillées avec précision en Annexe du Contrat. \nb.Le Partenaire rend compte de ses missions dans les conditions prévues au Contrat. \nc.Agilitation demeure en tout état de cause seule décisionnaire finale des choix stratégiques opérés pour la mise en place différentes actions réalisées par le Partenaire. \n\n8.Obligation générale de conseil. \na.Le Partenaire est tenu dans l’exécution de ses missions à une obligation générale de conseil et de respect de la réglementation en vigueur. \nb.Le Partenaire s’engage notamment à effectuer les prestations et/ou à remettre les livrables libre(s) de tous droits dans la limite des recherches pouvant être accomplies et de l’information qu’Agilitation lui aura communiqué. \nc.']",0.75,0.8402197266207935,0.047619047619047616
10,Que dire de la contrainte à répondre en temps limité?,"La contrainte de répondre en temps limité est importante dans le contexte de ce contrat. Les parties doivent communiquer rapidement les informations nécessaires pour la réalisation des prestations. De plus, les personnes référentes sur les projets doivent être en mesure d'accepter ou de refuser rapidement les propositions techniques pour éviter des retards. En cas d'absence de ces personnes, les parties doivent s'informer sans délai pour ne pas affecter le bon déroulement des missions. En somme, la rapidité de réponse est essentielle pour le respect des délais et la bonne exécution du contrat.","['Les Parties se communiquent les éléments nécessaires à la réalisation des prestations dans les meilleurs délais ou dans le respect des dispositions particulières prévues entre eux.\n\n\n5.Intuitu personae\na.Le contrat est conclu en considération des qualités du Partenaire (intuitu personae)\nb.Le Partenaire ne peut pas transférer ou céder une partie ou la totalité des droits et obligations prévus par le Contrat et/ ou ses Annexes à quelqu’un d’autre, sauf accord écrit d’Agilitation.\nc.Le Partenaire peut cependant sous-traiter certaines de ses missions, sous réserve du respect des règles qui s’appliquent à ce cas de figure dans le Contrat.\n\n\n6.Personnel référant, désignation & remplacement. \na.Les parties peuvent désigner chacune une personne référente sur les projets en cours pour fluidifier les échanges. \nb. Ces personnes doivent alors être en mesure d’accepter ou de refuser rapidement les propositions techniques proposées par le Partenaire et de faire les choix nécessaires à l’avancée des missions pour éviter des retards de mise en place et/ou de déploiements des prestations attendues. \nc.Les parties remplacent sans délai le référent désigné dès que c’est nécessaire.\u2028d.Les parties s’informent sans délai de l’absence de ces \npersonnes si cela peut affecter le bon déroulement des \nmissions à accomplir.\u2028e.Les Parties ne peuvent s’opposer le défaut d’habilitation d’une personne si elles n’ont désigné aucun référent et devront assumer la responsabilité liée à la demande formalisée par ce canal. \n\n7.Missions \na.Les missions du Partenaire sont détaillées avec précision en Annexe du Contrat. \nb.Le Partenaire rend compte de ses missions dans les conditions prévues au Contrat. \nc.Agilitation demeure en tout état de cause seule décisionnaire finale des choix stratégiques opérés pour la mise en place différentes actions réalisées par le Partenaire. \n\n8.Obligation générale de conseil. \na.Le Partenaire est tenu dans l’exécution de ses missions à une obligation générale de conseil et de respect de la réglementation en vigueur. \nb.Le Partenaire s’engage notamment à effectuer les prestations et/ou à remettre les livrables libre(s) de tous droits dans la limite des recherches pouvant être accomplies et de l’information qu’Agilitation lui aura communiqué. \nc.']",0.6,0.8671984220574336,0.047619047619047616
11,Par quelle considérations se termine le contract?,"Le contrat se termine par des considérations liées à l'obligation générale de conseil du Partenaire. Ce dernier est tenu, dans l'exécution de ses missions, à une obligation générale de conseil et de respect de la réglementation en vigueur. Il s'engage notamment à effectuer les prestations et/ou à remettre les livrables libre(s) de tous droits dans la limite des recherches pouvant être accomplies et de l'information qu'Agilitation lui aura communiqué.","['Les Parties se communiquent les éléments nécessaires à la réalisation des prestations dans les meilleurs délais ou dans le respect des dispositions particulières prévues entre eux.\n\n\n5.Intuitu personae\na.Le contrat est conclu en considération des qualités du Partenaire (intuitu personae)\nb.Le Partenaire ne peut pas transférer ou céder une partie ou la totalité des droits et obligations prévus par le Contrat et/ ou ses Annexes à quelqu’un d’autre, sauf accord écrit d’Agilitation.\nc.Le Partenaire peut cependant sous-traiter certaines de ses missions, sous réserve du respect des règles qui s’appliquent à ce cas de figure dans le Contrat.\n\n\n6.Personnel référant, désignation & remplacement. \na.Les parties peuvent désigner chacune une personne référente sur les projets en cours pour fluidifier les échanges. \nb. Ces personnes doivent alors être en mesure d’accepter ou de refuser rapidement les propositions techniques proposées par le Partenaire et de faire les choix nécessaires à l’avancée des missions pour éviter des retards de mise en place et/ou de déploiements des prestations attendues. \nc.Les parties remplacent sans délai le référent désigné dès que c’est nécessaire.\u2028d.Les parties s’informent sans délai de l’absence de ces \npersonnes si cela peut affecter le bon déroulement des \nmissions à accomplir.\u2028e.Les Parties ne peuvent s’opposer le défaut d’habilitation d’une personne si elles n’ont désigné aucun référent et devront assumer la responsabilité liée à la demande formalisée par ce canal. \n\n7.Missions \na.Les missions du Partenaire sont détaillées avec précision en Annexe du Contrat. \nb.Le Partenaire rend compte de ses missions dans les conditions prévues au Contrat. \nc.Agilitation demeure en tout état de cause seule décisionnaire finale des choix stratégiques opérés pour la mise en place différentes actions réalisées par le Partenaire. \n\n8.Obligation générale de conseil. \na.Le Partenaire est tenu dans l’exécution de ses missions à une obligation générale de conseil et de respect de la réglementation en vigueur. \nb.Le Partenaire s’engage notamment à effectuer les prestations et/ou à remettre les livrables libre(s) de tous droits dans la limite des recherches pouvant être accomplies et de l’information qu’Agilitation lui aura communiqué. \nc.']",0.75,0.8419652278451167,0.047619047619047616
12,Sous traitance de tâches et conditions,"Le partenaire peut-il sous-traiter certaines de ses missions?

Oui, le partenaire peut sous-traiter certaines de ses missions, à condition de respecter les règles applicables à ce cas de figure dans le contrat.

Quelles sont les obligations du partenaire en termes de communication et de remplacement du personnel référent?

Les parties peuvent désigner chacune une personne référente sur les projets en cours pour faciliter les échanges. Ces personnes doivent être en mesure d'accepter ou de refuser rapidement les propositions techniques proposées par le partenaire et de faire les choix nécessaires pour éviter des retards. Si le référent désigné doit être remplacé, les parties doivent le faire sans délai. Elles doivent également informer l'autre partie sans délai de l'absence de ces personnes si cela peut affecter le bon déroulement des missions.

Quelles sont les obligations du partenaire en termes de conseil?

Le partenaire est tenu dans l'exécution de ses missions à une obligation générale de conseil et de respect de la réglementation en vigueur. Il s'engage notamment à effectuer les prestations et/ou à remettre les livrables libre(s) de tous droits dans la limite des recherches pouvant être accomplies et de l'information qu'Agilitation lui aura communiqué.","['Les Parties se communiquent les éléments nécessaires à la réalisation des prestations dans les meilleurs délais ou dans le respect des dispositions particulières prévues entre eux.\n\n\n5.Intuitu personae\na.Le contrat est conclu en considération des qualités du Partenaire (intuitu personae)\nb.Le Partenaire ne peut pas transférer ou céder une partie ou la totalité des droits et obligations prévus par le Contrat et/ ou ses Annexes à quelqu’un d’autre, sauf accord écrit d’Agilitation.\nc.Le Partenaire peut cependant sous-traiter certaines de ses missions, sous réserve du respect des règles qui s’appliquent à ce cas de figure dans le Contrat.\n\n\n6.Personnel référant, désignation & remplacement. \na.Les parties peuvent désigner chacune une personne référente sur les projets en cours pour fluidifier les échanges. \nb. Ces personnes doivent alors être en mesure d’accepter ou de refuser rapidement les propositions techniques proposées par le Partenaire et de faire les choix nécessaires à l’avancée des missions pour éviter des retards de mise en place et/ou de déploiements des prestations attendues. \nc.Les parties remplacent sans délai le référent désigné dès que c’est nécessaire.\u2028d.Les parties s’informent sans délai de l’absence de ces \npersonnes si cela peut affecter le bon déroulement des \nmissions à accomplir.\u2028e.Les Parties ne peuvent s’opposer le défaut d’habilitation d’une personne si elles n’ont désigné aucun référent et devront assumer la responsabilité liée à la demande formalisée par ce canal. \n\n7.Missions \na.Les missions du Partenaire sont détaillées avec précision en Annexe du Contrat. \nb.Le Partenaire rend compte de ses missions dans les conditions prévues au Contrat. \nc.Agilitation demeure en tout état de cause seule décisionnaire finale des choix stratégiques opérés pour la mise en place différentes actions réalisées par le Partenaire. \n\n8.Obligation générale de conseil. \na.Le Partenaire est tenu dans l’exécution de ses missions à une obligation générale de conseil et de respect de la réglementation en vigueur. \nb.Le Partenaire s’engage notamment à effectuer les prestations et/ou à remettre les livrables libre(s) de tous droits dans la limite des recherches pouvant être accomplies et de l’information qu’Agilitation lui aura communiqué. \nc.']",1.0,0.8270794574894581,0.047619047619047616
13,Les raisons d'avoir un référent pour chaque partie,"Avoir un référent pour chaque partie dans un projet ou un contrat est important pour plusieurs raisons. 

Premièrement, cela permet de fluidifier les échanges entre les parties. Le référent est la personne qui sera en charge de la communication entre les deux parties, ce qui permet d'éviter les malentendus et de s'assurer que toutes les informations nécessaires sont transmises de manière efficace et rapide.

Deuxièmement, le référent est également en mesure d'accepter ou de refuser rapidement les propositions techniques proposées par l'autre partie. Cela permet d'accélérer le processus de prise de décision et d'éviter les retards dans la mise en place et le déploiement des prestations attendues.

Troisièmement, en cas d'absence du référent, les parties sont tenues de le remplacer sans délai. Cela garantit que le projet ou le contrat ne sera pas retardé en raison de l'absence d'une personne clé.

Enfin, si aucune personne n'est désignée comme référent, les parties ne peuvent s'opposer au défaut d'habilitation d'une personne et devront assumer la responsabilité liée à la demande formalisée par ce canal. Cela souligne l'importance d'avoir un référent pour chaque partie afin d'éviter les problèmes potentiels liés à l'absence de communication ou de prise de décision.","['Les Parties se communiquent les éléments nécessaires à la réalisation des prestations dans les meilleurs délais ou dans le respect des dispositions particulières prévues entre eux.\n\n\n5.Intuitu personae\na.Le contrat est conclu en considération des qualités du Partenaire (intuitu personae)\nb.Le Partenaire ne peut pas transférer ou céder une partie ou la totalité des droits et obligations prévus par le Contrat et/ ou ses Annexes à quelqu’un d’autre, sauf accord écrit d’Agilitation.\nc.Le Partenaire peut cependant sous-traiter certaines de ses missions, sous réserve du respect des règles qui s’appliquent à ce cas de figure dans le Contrat.\n\n\n6.Personnel référant, désignation & remplacement. \na.Les parties peuvent désigner chacune une personne référente sur les projets en cours pour fluidifier les échanges. \nb. Ces personnes doivent alors être en mesure d’accepter ou de refuser rapidement les propositions techniques proposées par le Partenaire et de faire les choix nécessaires à l’avancée des missions pour éviter des retards de mise en place et/ou de déploiements des prestations attendues. \nc.Les parties remplacent sans délai le référent désigné dès que c’est nécessaire.\u2028d.Les parties s’informent sans délai de l’absence de ces \npersonnes si cela peut affecter le bon déroulement des \nmissions à accomplir.\u2028e.Les Parties ne peuvent s’opposer le défaut d’habilitation d’une personne si elles n’ont désigné aucun référent et devront assumer la responsabilité liée à la demande formalisée par ce canal. \n\n7.Missions \na.Les missions du Partenaire sont détaillées avec précision en Annexe du Contrat. \nb.Le Partenaire rend compte de ses missions dans les conditions prévues au Contrat. \nc.Agilitation demeure en tout état de cause seule décisionnaire finale des choix stratégiques opérés pour la mise en place différentes actions réalisées par le Partenaire. \n\n8.Obligation générale de conseil. \na.Le Partenaire est tenu dans l’exécution de ses missions à une obligation générale de conseil et de respect de la réglementation en vigueur. \nb.Le Partenaire s’engage notamment à effectuer les prestations et/ou à remettre les livrables libre(s) de tous droits dans la limite des recherches pouvant être accomplies et de l’information qu’Agilitation lui aura communiqué. \nc.']",1.0,0.935250875722284,0.047619047619047616
14,Les devoirs des référents,"Les devoirs des référents, tels que décrits dans les documents, comprennent:

1. Les référents sont désignés par les parties pour faciliter les échanges sur les projets en cours.

2. Ils doivent être en mesure d'accepter ou de refuser rapidement les propositions techniques proposées par le Partenaire et de faire les choix nécessaires pour faire avancer les missions et éviter les retards.

3. Si un référent est absent ou doit être remplacé, les parties doivent s'informer sans délai pour éviter d'affecter le bon déroulement des missions.

4. Si aucune personne n'a été désignée comme référent, les parties ne peuvent s'opposer au défaut d'habilitation d'une personne et doivent assumer la responsabilité liée à la demande formalisée par ce canal.

5. Les référents sont également tenus de respecter les obligations générales de conseil et de respect de la réglementation en vigueur dans l'exécution de leurs missions.","['Les Parties se communiquent les éléments nécessaires à la réalisation des prestations dans les meilleurs délais ou dans le respect des dispositions particulières prévues entre eux.\n\n\n5.Intuitu personae\na.Le contrat est conclu en considération des qualités du Partenaire (intuitu personae)\nb.Le Partenaire ne peut pas transférer ou céder une partie ou la totalité des droits et obligations prévus par le Contrat et/ ou ses Annexes à quelqu’un d’autre, sauf accord écrit d’Agilitation.\nc.Le Partenaire peut cependant sous-traiter certaines de ses missions, sous réserve du respect des règles qui s’appliquent à ce cas de figure dans le Contrat.\n\n\n6.Personnel référant, désignation & remplacement. \na.Les parties peuvent désigner chacune une personne référente sur les projets en cours pour fluidifier les échanges. \nb. Ces personnes doivent alors être en mesure d’accepter ou de refuser rapidement les propositions techniques proposées par le Partenaire et de faire les choix nécessaires à l’avancée des missions pour éviter des retards de mise en place et/ou de déploiements des prestations attendues. \nc.Les parties remplacent sans délai le référent désigné dès que c’est nécessaire.\u2028d.Les parties s’informent sans délai de l’absence de ces \npersonnes si cela peut affecter le bon déroulement des \nmissions à accomplir.\u2028e.Les Parties ne peuvent s’opposer le défaut d’habilitation d’une personne si elles n’ont désigné aucun référent et devront assumer la responsabilité liée à la demande formalisée par ce canal. \n\n7.Missions \na.Les missions du Partenaire sont détaillées avec précision en Annexe du Contrat. \nb.Le Partenaire rend compte de ses missions dans les conditions prévues au Contrat. \nc.Agilitation demeure en tout état de cause seule décisionnaire finale des choix stratégiques opérés pour la mise en place différentes actions réalisées par le Partenaire. \n\n8.Obligation générale de conseil. \na.Le Partenaire est tenu dans l’exécution de ses missions à une obligation générale de conseil et de respect de la réglementation en vigueur. \nb.Le Partenaire s’engage notamment à effectuer les prestations et/ou à remettre les livrables libre(s) de tous droits dans la limite des recherches pouvant être accomplies et de l’information qu’Agilitation lui aura communiqué. \nc.']",1.0,0.9201151538717617,0.047619047619047616
15,Passage relatif au remplacement des référents,"Le remplacement des référents est abordé dans la section 6 du document. Selon cette section, les parties peuvent désigner une personne référente pour faciliter les échanges sur les projets en cours. Ces personnes doivent être capables de prendre rapidement des décisions concernant les propositions techniques du Partenaire et de faire les choix nécessaires pour éviter des retards. Si le référent désigné doit être remplacé, les parties doivent le faire sans délai. Elles doivent également informer l'autre partie sans délai si l'absence de ces personnes pourrait affecter le bon déroulement des missions. Si aucune personne référente n'a été désignée, les parties ne peuvent s'opposer au défaut d'habilitation d'une personne et doivent assumer la responsabilité liée à la demande formalisée par ce canal.","['Les Parties se communiquent les éléments nécessaires à la réalisation des prestations dans les meilleurs délais ou dans le respect des dispositions particulières prévues entre eux.\n\n\n5.Intuitu personae\na.Le contrat est conclu en considération des qualités du Partenaire (intuitu personae)\nb.Le Partenaire ne peut pas transférer ou céder une partie ou la totalité des droits et obligations prévus par le Contrat et/ ou ses Annexes à quelqu’un d’autre, sauf accord écrit d’Agilitation.\nc.Le Partenaire peut cependant sous-traiter certaines de ses missions, sous réserve du respect des règles qui s’appliquent à ce cas de figure dans le Contrat.\n\n\n6.Personnel référant, désignation & remplacement. \na.Les parties peuvent désigner chacune une personne référente sur les projets en cours pour fluidifier les échanges. \nb. Ces personnes doivent alors être en mesure d’accepter ou de refuser rapidement les propositions techniques proposées par le Partenaire et de faire les choix nécessaires à l’avancée des missions pour éviter des retards de mise en place et/ou de déploiements des prestations attendues. \nc.Les parties remplacent sans délai le référent désigné dès que c’est nécessaire.\u2028d.Les parties s’informent sans délai de l’absence de ces \npersonnes si cela peut affecter le bon déroulement des \nmissions à accomplir.\u2028e.Les Parties ne peuvent s’opposer le défaut d’habilitation d’une personne si elles n’ont désigné aucun référent et devront assumer la responsabilité liée à la demande formalisée par ce canal. \n\n7.Missions \na.Les missions du Partenaire sont détaillées avec précision en Annexe du Contrat. \nb.Le Partenaire rend compte de ses missions dans les conditions prévues au Contrat. \nc.Agilitation demeure en tout état de cause seule décisionnaire finale des choix stratégiques opérés pour la mise en place différentes actions réalisées par le Partenaire. \n\n8.Obligation générale de conseil. \na.Le Partenaire est tenu dans l’exécution de ses missions à une obligation générale de conseil et de respect de la réglementation en vigueur. \nb.Le Partenaire s’engage notamment à effectuer les prestations et/ou à remettre les livrables libre(s) de tous droits dans la limite des recherches pouvant être accomplies et de l’information qu’Agilitation lui aura communiqué. \nc.']",1.0,0.9177086630608634,0.047619047619047616
16,Où sont détaillées les missions,"Les missions sont détaillées en Annexe du Contrat, comme mentionné dans la section 7.","['Les Parties se communiquent les éléments nécessaires à la réalisation des prestations dans les meilleurs délais ou dans le respect des dispositions particulières prévues entre eux.\n\n\n5.Intuitu personae\na.Le contrat est conclu en considération des qualités du Partenaire (intuitu personae)\nb.Le Partenaire ne peut pas transférer ou céder une partie ou la totalité des droits et obligations prévus par le Contrat et/ ou ses Annexes à quelqu’un d’autre, sauf accord écrit d’Agilitation.\nc.Le Partenaire peut cependant sous-traiter certaines de ses missions, sous réserve du respect des règles qui s’appliquent à ce cas de figure dans le Contrat.\n\n\n6.Personnel référant, désignation & remplacement. \na.Les parties peuvent désigner chacune une personne référente sur les projets en cours pour fluidifier les échanges. \nb. Ces personnes doivent alors être en mesure d’accepter ou de refuser rapidement les propositions techniques proposées par le Partenaire et de faire les choix nécessaires à l’avancée des missions pour éviter des retards de mise en place et/ou de déploiements des prestations attendues. \nc.Les parties remplacent sans délai le référent désigné dès que c’est nécessaire.\u2028d.Les parties s’informent sans délai de l’absence de ces \npersonnes si cela peut affecter le bon déroulement des \nmissions à accomplir.\u2028e.Les Parties ne peuvent s’opposer le défaut d’habilitation d’une personne si elles n’ont désigné aucun référent et devront assumer la responsabilité liée à la demande formalisée par ce canal. \n\n7.Missions \na.Les missions du Partenaire sont détaillées avec précision en Annexe du Contrat. \nb.Le Partenaire rend compte de ses missions dans les conditions prévues au Contrat. \nc.Agilitation demeure en tout état de cause seule décisionnaire finale des choix stratégiques opérés pour la mise en place différentes actions réalisées par le Partenaire. \n\n8.Obligation générale de conseil. \na.Le Partenaire est tenu dans l’exécution de ses missions à une obligation générale de conseil et de respect de la réglementation en vigueur. \nb.Le Partenaire s’engage notamment à effectuer les prestations et/ou à remettre les livrables libre(s) de tous droits dans la limite des recherches pouvant être accomplies et de l’information qu’Agilitation lui aura communiqué. \nc.']",1.0,0.9038597436285021,0.047619047619047616
17,Quelle est l'obligation générale du Partenaire dans l'exécution de ses missions ?,L'obligation générale du Partenaire dans l'exécution de ses missions est une obligation de conseil et de respect de la réglementation en vigueur. Le Partenaire s'engage également à effectuer les prestations et/ou à remettre les livrables libre(s) de tous droits dans la limite des recherches pouvant être accomplies et de l'information qu'Agilitation lui aura communiqué.,"['Les Parties se communiquent les éléments nécessaires à la réalisation des prestations dans les meilleurs délais ou dans le respect des dispositions particulières prévues entre eux.\n\n\n5.Intuitu personae\na.Le contrat est conclu en considération des qualités du Partenaire (intuitu personae)\nb.Le Partenaire ne peut pas transférer ou céder une partie ou la totalité des droits et obligations prévus par le Contrat et/ ou ses Annexes à quelqu’un d’autre, sauf accord écrit d’Agilitation.\nc.Le Partenaire peut cependant sous-traiter certaines de ses missions, sous réserve du respect des règles qui s’appliquent à ce cas de figure dans le Contrat.\n\n\n6.Personnel référant, désignation & remplacement. \na.Les parties peuvent désigner chacune une personne référente sur les projets en cours pour fluidifier les échanges. \nb. Ces personnes doivent alors être en mesure d’accepter ou de refuser rapidement les propositions techniques proposées par le Partenaire et de faire les choix nécessaires à l’avancée des missions pour éviter des retards de mise en place et/ou de déploiements des prestations attendues. \nc.Les parties remplacent sans délai le référent désigné dès que c’est nécessaire.\u2028d.Les parties s’informent sans délai de l’absence de ces \npersonnes si cela peut affecter le bon déroulement des \nmissions à accomplir.\u2028e.Les Parties ne peuvent s’opposer le défaut d’habilitation d’une personne si elles n’ont désigné aucun référent et devront assumer la responsabilité liée à la demande formalisée par ce canal. \n\n7.Missions \na.Les missions du Partenaire sont détaillées avec précision en Annexe du Contrat. \nb.Le Partenaire rend compte de ses missions dans les conditions prévues au Contrat. \nc.Agilitation demeure en tout état de cause seule décisionnaire finale des choix stratégiques opérés pour la mise en place différentes actions réalisées par le Partenaire. \n\n8.Obligation générale de conseil. \na.Le Partenaire est tenu dans l’exécution de ses missions à une obligation générale de conseil et de respect de la réglementation en vigueur. \nb.Le Partenaire s’engage notamment à effectuer les prestations et/ou à remettre les livrables libre(s) de tous droits dans la limite des recherches pouvant être accomplies et de l’information qu’Agilitation lui aura communiqué. \nc.']",1.0,0.951624943144215,0.047619047619047616
18,Quels sont les engagements du Partenaire concernant les moyens humains et matériels nécessaires à ses missions ?,"Le Partenaire s'engage à fournir les moyens humains et matériels nécessaires à la bonne réalisation de ses missions. Il assure également le contrôle de ces moyens par des personnels expérimentés. En outre, le Partenaire est tenu de suivre les prestations auxquelles il s'est engagé, en contrôlant leur bonne exécution et en formulant les réclamations éventuelles auprès des fournisseurs. Il doit également défendre activement les intérêts d'Agilitation pour obtenir satisfaction si nécessaire. Enfin, le Partenaire est soumis à une obligation de moyen pour l'ensemble des prestations auxquelles il s'engage, sauf dispositions contraires prévues en Annexe.","[""De manière générale le Partenaire rendra tous les services qu’une partie est raisonnablement en droit d'attendre s’agissant des prestations visées dans les Annexes (respect des règles de l’art par le Partenaire). \nd.Le Partenaire s’engage à fournir les moyens humains et matériels nécessaires à la bonne réalisation de ses missions et veille à assurer leur contrôle par des personnels expérimentés. \ne.Le Partenaire assure le suivi des prestations auxquelles il s’est engagé en contrôlant leur bonne exécution par les Partenaires sollicités et en formulant les réclamations éventuelles auprès des fournisseurs et en défendant activement les intérêts d’Agilitation pour obtenir satisfaction si nécessaire. \n\n9.Obligation de moyen \na.Sauf dispositions contraire prévues en Annexe, le Partenaire est soumis pour l’ensemble des prestations auxquelles il s’engage à une obligation de moyen. \nb.Toutefois, les obligations concernant la confidentialité, le respect des règlementations en vigueur, les garanties et transferts éventuels de droits (type transfert de droit de propriété intellectuelle) sont soumis à une obligation de résultat. \n\n10.Propriété intellectuelle. \na.Certaines prestations réalisées par le Partenaire peuvent donner naissance à des droits de propriété intellectuelle. \nb.Les Données et bases de données d’Agilitation, contenant ou non des Données Personnelles, auxquelles le Partenaire pourrait avoir accès dans le cadre de l’exécution du Contrat sont la propriété exclusive d’Agilitation en sa qualité de producteur de base de Données. \nc.Le Partenaire cède l’intégralité de ses droits patrimoniaux sur la réalisation des travaux effectués au profit d’Agilitation sous réserve du respect de la contrepartie prévue à l’accord. \nd.Sont transférés à Agilitation les droits d’exploitation, de reproduction de représentation, d’édition, de commercialisation, de traduction pour toute la durée de protection des droits de propriété intellectuelle, par tout procédé, quel qu’il soit, connu ou inconnu à ce jour et notamment par tous les réseaux de communication, actuels et futurs et ce sur tout support, en tout format. Les droits cédés le sont pour le monde entier. \ne.Agilitation a le droit de procéder à l’adaptation et l’évolution des travaux réalisées pour son compte par le Partenaire.""]",1.0,0.905449225763117,0.07692307692307693
19,"Quelle obligation le Partenaire est-il soumis pour l'ensemble des prestations, sauf disposition contraire en Annexe ?","Sauf dispositions contraires prévues en Annexe, le Partenaire est soumis pour l’ensemble des prestations auxquelles il s’engage à une obligation de moyen.","[""De manière générale le Partenaire rendra tous les services qu’une partie est raisonnablement en droit d'attendre s’agissant des prestations visées dans les Annexes (respect des règles de l’art par le Partenaire). \nd.Le Partenaire s’engage à fournir les moyens humains et matériels nécessaires à la bonne réalisation de ses missions et veille à assurer leur contrôle par des personnels expérimentés. \ne.Le Partenaire assure le suivi des prestations auxquelles il s’est engagé en contrôlant leur bonne exécution par les Partenaires sollicités et en formulant les réclamations éventuelles auprès des fournisseurs et en défendant activement les intérêts d’Agilitation pour obtenir satisfaction si nécessaire. \n\n9.Obligation de moyen \na.Sauf dispositions contraire prévues en Annexe, le Partenaire est soumis pour l’ensemble des prestations auxquelles il s’engage à une obligation de moyen. \nb.Toutefois, les obligations concernant la confidentialité, le respect des règlementations en vigueur, les garanties et transferts éventuels de droits (type transfert de droit de propriété intellectuelle) sont soumis à une obligation de résultat. \n\n10.Propriété intellectuelle. \na.Certaines prestations réalisées par le Partenaire peuvent donner naissance à des droits de propriété intellectuelle. \nb.Les Données et bases de données d’Agilitation, contenant ou non des Données Personnelles, auxquelles le Partenaire pourrait avoir accès dans le cadre de l’exécution du Contrat sont la propriété exclusive d’Agilitation en sa qualité de producteur de base de Données. \nc.Le Partenaire cède l’intégralité de ses droits patrimoniaux sur la réalisation des travaux effectués au profit d’Agilitation sous réserve du respect de la contrepartie prévue à l’accord. \nd.Sont transférés à Agilitation les droits d’exploitation, de reproduction de représentation, d’édition, de commercialisation, de traduction pour toute la durée de protection des droits de propriété intellectuelle, par tout procédé, quel qu’il soit, connu ou inconnu à ce jour et notamment par tous les réseaux de communication, actuels et futurs et ce sur tout support, en tout format. Les droits cédés le sont pour le monde entier. \ne.Agilitation a le droit de procéder à l’adaptation et l’évolution des travaux réalisées pour son compte par le Partenaire.""]",1.0,0.8904395815334293,0.07692307692307693
20,Que doit céder le partenaire sous réserve du respect de la contrepartie prévue à l’accord?,"Le partenaire doit céder l'intégralité de ses droits patrimoniaux sur la réalisation des travaux effectués au profit d’Agilitation. Cela inclut les droits d’exploitation, de reproduction de représentation, d’édition, de commercialisation, de traduction pour toute la durée de protection des droits de propriété intellectuelle, par tout procédé, quel qu’il soit, connu ou inconnu à ce jour et notamment par tous les réseaux de communication, actuels et futurs et ce sur tout support, en tout format. Les droits cédés le sont pour le monde entier.","[""De manière générale le Partenaire rendra tous les services qu’une partie est raisonnablement en droit d'attendre s’agissant des prestations visées dans les Annexes (respect des règles de l’art par le Partenaire). \nd.Le Partenaire s’engage à fournir les moyens humains et matériels nécessaires à la bonne réalisation de ses missions et veille à assurer leur contrôle par des personnels expérimentés. \ne.Le Partenaire assure le suivi des prestations auxquelles il s’est engagé en contrôlant leur bonne exécution par les Partenaires sollicités et en formulant les réclamations éventuelles auprès des fournisseurs et en défendant activement les intérêts d’Agilitation pour obtenir satisfaction si nécessaire. \n\n9.Obligation de moyen \na.Sauf dispositions contraire prévues en Annexe, le Partenaire est soumis pour l’ensemble des prestations auxquelles il s’engage à une obligation de moyen. \nb.Toutefois, les obligations concernant la confidentialité, le respect des règlementations en vigueur, les garanties et transferts éventuels de droits (type transfert de droit de propriété intellectuelle) sont soumis à une obligation de résultat. \n\n10.Propriété intellectuelle. \na.Certaines prestations réalisées par le Partenaire peuvent donner naissance à des droits de propriété intellectuelle. \nb.Les Données et bases de données d’Agilitation, contenant ou non des Données Personnelles, auxquelles le Partenaire pourrait avoir accès dans le cadre de l’exécution du Contrat sont la propriété exclusive d’Agilitation en sa qualité de producteur de base de Données. \nc.Le Partenaire cède l’intégralité de ses droits patrimoniaux sur la réalisation des travaux effectués au profit d’Agilitation sous réserve du respect de la contrepartie prévue à l’accord. \nd.Sont transférés à Agilitation les droits d’exploitation, de reproduction de représentation, d’édition, de commercialisation, de traduction pour toute la durée de protection des droits de propriété intellectuelle, par tout procédé, quel qu’il soit, connu ou inconnu à ce jour et notamment par tous les réseaux de communication, actuels et futurs et ce sur tout support, en tout format. Les droits cédés le sont pour le monde entier. \ne.Agilitation a le droit de procéder à l’adaptation et l’évolution des travaux réalisées pour son compte par le Partenaire.""]",1.0,0.9026436139564123,0.07692307692307693
21,que veut dire LAD?,"LAD signifie ""lecture automatique de documents"". Il s'agit d'un processus qui concerne la capture de données sur des documents structurés et non structurés. L'objectif n'est pas d'archiver des documents, mais d'alimenter un système d'informations avec les données contenues dans les documents numérisés. La LAD peut, par exemple, accélérer le traitement des factures fournisseurs en permettant l'archivage et l'indexation automatique de l'image du document et la saisie automatisée des écritures comptables.","[""Ne pas confondre reconnaissance automatique de documents, ou RAD, ou de type de documents et lecture automatique de documents (LAD). \nEn effet, si la reconnaissance de caractères ou de formes et autres cases à cocher permet de distinguer un document d’un autre ainsi que certains mots contenus de manière à alimenter une base d’index destinée à une gestion électronique de documents, l’appellation LAD, pour lecture automatique de documents, concerne les processus évolués de capture de données sur des documents structurés et désormais aussi non structurés.\nL’objectif n’est pas d’archiver des documents, mais d’alimenter un système d’informations (souvent un système de GED) avec les données contenues dans les documents numérisés dans le cadre de processus de type industriel. La richesse d’une solution avancée de LAD réside dans sa capacité à fournir, en bout de chaîne de traitement, la totalité des informations attendues par le système d'informations lui-même.\n\nUn système de reconnaissance faciale est une application logicielle visant à reconnaître automatiquement une personne grâce à son visage. Il s'agit d'un sujet particulièrement étudié en vision par ordinateur, avec de très nombreuses publications et brevets, et des conférences spécialisées.\nLa reconnaissance de visage a de nombreuses applications en vidéosurveillance, sécurité, biométrie, photographie, médecine, robotique, indexation d'images et de vidéos, recherche d'images par le contenu, etc. Ces systèmes sont généralement utilisés à des fins de sécurité publique ou de protection de la vie privée ou de données privées ou d'entreprises, dont pour déverrouiller ordinateur/mobile/console, mais aussi en domotique. Le fonctionnement de ces systèmes se base sur une ou plusieurs caméras pour reconnaître l'utilisateur.\n\nLa LAD prend une importance croissante dans les processus de dématérialisation où elle apparaît comme un axe de productivité.\nLa LAD permet, par exemple, d’accélérer le traitement des factures fournisseurs :\narchivage et indexation automatique de l'image du document ;\n(pré)saisie automatisée des écritures comptables (montants HT, TTC...).\nLa saisie des factures et, de façon plus générale, des documents transactionnels tels que bons de livraison ou bons de commande permet de réaliser des progrès dans l’organisation en fiabilisant les procédures de traitement avec une alimentation plus rapide du système d’information.\n\n""]",1.0,0.9488862365756173,0.07142857142857142
22,Un gros avantage des solution de type LAD?,"Un gros avantage des solutions de type LAD (lecture automatique de documents) est leur capacité à fournir la totalité des informations attendues par le système d'informations. Elles permettent d'accélérer le traitement des documents, comme les factures fournisseurs, grâce à l'archivage et l'indexation automatique de l'image du document et la saisie automatisée des écritures comptables. De plus, elles fiabilisent les procédures de traitement en alimentant plus rapidement le système d’information.","[""Ne pas confondre reconnaissance automatique de documents, ou RAD, ou de type de documents et lecture automatique de documents (LAD). \nEn effet, si la reconnaissance de caractères ou de formes et autres cases à cocher permet de distinguer un document d’un autre ainsi que certains mots contenus de manière à alimenter une base d’index destinée à une gestion électronique de documents, l’appellation LAD, pour lecture automatique de documents, concerne les processus évolués de capture de données sur des documents structurés et désormais aussi non structurés.\nL’objectif n’est pas d’archiver des documents, mais d’alimenter un système d’informations (souvent un système de GED) avec les données contenues dans les documents numérisés dans le cadre de processus de type industriel. La richesse d’une solution avancée de LAD réside dans sa capacité à fournir, en bout de chaîne de traitement, la totalité des informations attendues par le système d'informations lui-même.\n\nUn système de reconnaissance faciale est une application logicielle visant à reconnaître automatiquement une personne grâce à son visage. Il s'agit d'un sujet particulièrement étudié en vision par ordinateur, avec de très nombreuses publications et brevets, et des conférences spécialisées.\nLa reconnaissance de visage a de nombreuses applications en vidéosurveillance, sécurité, biométrie, photographie, médecine, robotique, indexation d'images et de vidéos, recherche d'images par le contenu, etc. Ces systèmes sont généralement utilisés à des fins de sécurité publique ou de protection de la vie privée ou de données privées ou d'entreprises, dont pour déverrouiller ordinateur/mobile/console, mais aussi en domotique. Le fonctionnement de ces systèmes se base sur une ou plusieurs caméras pour reconnaître l'utilisateur.\n\nLa LAD prend une importance croissante dans les processus de dématérialisation où elle apparaît comme un axe de productivité.\nLa LAD permet, par exemple, d’accélérer le traitement des factures fournisseurs :\narchivage et indexation automatique de l'image du document ;\n(pré)saisie automatisée des écritures comptables (montants HT, TTC...).\nLa saisie des factures et, de façon plus générale, des documents transactionnels tels que bons de livraison ou bons de commande permet de réaliser des progrès dans l’organisation en fiabilisant les procédures de traitement avec une alimentation plus rapide du système d’information.\n\n""]",1.0,0.9699069991365935,0.35714285714285715
23,A quel champ appartient la reconnaissance faciale?,La reconnaissance faciale appartient au champ de la vision par ordinateur.,"[""Ne pas confondre reconnaissance automatique de documents, ou RAD, ou de type de documents et lecture automatique de documents (LAD). \nEn effet, si la reconnaissance de caractères ou de formes et autres cases à cocher permet de distinguer un document d’un autre ainsi que certains mots contenus de manière à alimenter une base d’index destinée à une gestion électronique de documents, l’appellation LAD, pour lecture automatique de documents, concerne les processus évolués de capture de données sur des documents structurés et désormais aussi non structurés.\nL’objectif n’est pas d’archiver des documents, mais d’alimenter un système d’informations (souvent un système de GED) avec les données contenues dans les documents numérisés dans le cadre de processus de type industriel. La richesse d’une solution avancée de LAD réside dans sa capacité à fournir, en bout de chaîne de traitement, la totalité des informations attendues par le système d'informations lui-même.\n\nUn système de reconnaissance faciale est une application logicielle visant à reconnaître automatiquement une personne grâce à son visage. Il s'agit d'un sujet particulièrement étudié en vision par ordinateur, avec de très nombreuses publications et brevets, et des conférences spécialisées.\nLa reconnaissance de visage a de nombreuses applications en vidéosurveillance, sécurité, biométrie, photographie, médecine, robotique, indexation d'images et de vidéos, recherche d'images par le contenu, etc. Ces systèmes sont généralement utilisés à des fins de sécurité publique ou de protection de la vie privée ou de données privées ou d'entreprises, dont pour déverrouiller ordinateur/mobile/console, mais aussi en domotique. Le fonctionnement de ces systèmes se base sur une ou plusieurs caméras pour reconnaître l'utilisateur.\n\nLa LAD prend une importance croissante dans les processus de dématérialisation où elle apparaît comme un axe de productivité.\nLa LAD permet, par exemple, d’accélérer le traitement des factures fournisseurs :\narchivage et indexation automatique de l'image du document ;\n(pré)saisie automatisée des écritures comptables (montants HT, TTC...).\nLa saisie des factures et, de façon plus générale, des documents transactionnels tels que bons de livraison ou bons de commande permet de réaliser des progrès dans l’organisation en fiabilisant les procédures de traitement avec une alimentation plus rapide du système d’information.\n\n""]",1.0,0.9481956824758262,0.35714285714285715
24,Parles moi de l'angoument médiatique et scientifique de la vision par ordinateur,"La vision par ordinateur est un domaine de l'intelligence artificielle qui a suscité un grand intérêt médiatique et scientifique. Elle englobe diverses technologies, dont la reconnaissance automatique de documents (RAD) et la lecture automatique de documents (LAD), ainsi que la reconnaissance faciale.

La RAD est utilisée pour distinguer un document d'un autre en reconnaissant des caractères, des formes et d'autres éléments. Elle alimente une base d'index pour la gestion électronique de documents. La LAD, en revanche, concerne les processus avancés de capture de données sur des documents structurés et non structurés. Son objectif n'est pas d'archiver des documents, mais d'alimenter un système d'informations avec les données contenues dans les documents numérisés. La LAD est de plus en plus importante dans les processus de dématérialisation, où elle est considérée comme un axe de productivité.

La reconnaissance faciale est une autre application de la vision par ordinateur qui a reçu beaucoup d'attention. Elle vise à reconnaître automatiquement une personne grâce à son visage. Cette technologie a de nombreuses applications, notamment en vidéosurveillance, sécurité, biométrie, photographie, médecine, robotique, indexation d'images et de vidéos, recherche d'images par le contenu, etc. Les systèmes de reconnaissance faciale sont généralement utilisés à des fins de sécurité publique ou de protection de la vie privée ou des données privées.

En somme, la vision par ordinateur est un domaine en pleine expansion qui offre de nombreuses possibilités d'application. Son développement continu promet d'apporter des améliorations significatives dans divers secteurs, notamment la gestion de documents, la sécurité et la biométrie.","[""Ne pas confondre reconnaissance automatique de documents, ou RAD, ou de type de documents et lecture automatique de documents (LAD). \nEn effet, si la reconnaissance de caractères ou de formes et autres cases à cocher permet de distinguer un document d’un autre ainsi que certains mots contenus de manière à alimenter une base d’index destinée à une gestion électronique de documents, l’appellation LAD, pour lecture automatique de documents, concerne les processus évolués de capture de données sur des documents structurés et désormais aussi non structurés.\nL’objectif n’est pas d’archiver des documents, mais d’alimenter un système d’informations (souvent un système de GED) avec les données contenues dans les documents numérisés dans le cadre de processus de type industriel. La richesse d’une solution avancée de LAD réside dans sa capacité à fournir, en bout de chaîne de traitement, la totalité des informations attendues par le système d'informations lui-même.\n\nUn système de reconnaissance faciale est une application logicielle visant à reconnaître automatiquement une personne grâce à son visage. Il s'agit d'un sujet particulièrement étudié en vision par ordinateur, avec de très nombreuses publications et brevets, et des conférences spécialisées.\nLa reconnaissance de visage a de nombreuses applications en vidéosurveillance, sécurité, biométrie, photographie, médecine, robotique, indexation d'images et de vidéos, recherche d'images par le contenu, etc. Ces systèmes sont généralement utilisés à des fins de sécurité publique ou de protection de la vie privée ou de données privées ou d'entreprises, dont pour déverrouiller ordinateur/mobile/console, mais aussi en domotique. Le fonctionnement de ces systèmes se base sur une ou plusieurs caméras pour reconnaître l'utilisateur.\n\nLa LAD prend une importance croissante dans les processus de dématérialisation où elle apparaît comme un axe de productivité.\nLa LAD permet, par exemple, d’accélérer le traitement des factures fournisseurs :\narchivage et indexation automatique de l'image du document ;\n(pré)saisie automatisée des écritures comptables (montants HT, TTC...).\nLa saisie des factures et, de façon plus générale, des documents transactionnels tels que bons de livraison ou bons de commande permet de réaliser des progrès dans l’organisation en fiabilisant les procédures de traitement avec une alimentation plus rapide du système d’information.\n\n""]",0.75,0.8904445225044119,0.6428571428571429
25,Application concrètes de la vision par ordinateur,"La vision par ordinateur a de nombreuses applications concrètes dans divers domaines. 

Dans le domaine de la gestion électronique de documents, la vision par ordinateur est utilisée pour la reconnaissance automatique de documents (RAD) et la lecture automatique de documents (LAD). La RAD permet de distinguer un document d'un autre et d'indexer certains mots pour faciliter la gestion électronique des documents. La LAD, quant à elle, concerne les processus avancés de capture de données sur des documents structurés et non structurés. L'objectif n'est pas d'archiver des documents, mais d'alimenter un système d'informations avec les données contenues dans les documents numérisés. Par exemple, la LAD peut accélérer le traitement des factures fournisseurs en automatisant l'archivage, l'indexation et la saisie des écritures comptables.

Dans le domaine de la sécurité, la vision par ordinateur est utilisée pour la reconnaissance faciale. Cette technologie permet de reconnaître automatiquement une personne grâce à son visage. Elle a de nombreuses applications en vidéosurveillance, biométrie, photographie, médecine, robotique, indexation d'images et de vidéos, recherche d'images par le contenu, etc. Les systèmes de reconnaissance faciale sont généralement utilisés à des fins de sécurité publique ou de protection de la vie privée ou de données privées ou d'entreprises.","[""Ne pas confondre reconnaissance automatique de documents, ou RAD, ou de type de documents et lecture automatique de documents (LAD). \nEn effet, si la reconnaissance de caractères ou de formes et autres cases à cocher permet de distinguer un document d’un autre ainsi que certains mots contenus de manière à alimenter une base d’index destinée à une gestion électronique de documents, l’appellation LAD, pour lecture automatique de documents, concerne les processus évolués de capture de données sur des documents structurés et désormais aussi non structurés.\nL’objectif n’est pas d’archiver des documents, mais d’alimenter un système d’informations (souvent un système de GED) avec les données contenues dans les documents numérisés dans le cadre de processus de type industriel. La richesse d’une solution avancée de LAD réside dans sa capacité à fournir, en bout de chaîne de traitement, la totalité des informations attendues par le système d'informations lui-même.\n\nUn système de reconnaissance faciale est une application logicielle visant à reconnaître automatiquement une personne grâce à son visage. Il s'agit d'un sujet particulièrement étudié en vision par ordinateur, avec de très nombreuses publications et brevets, et des conférences spécialisées.\nLa reconnaissance de visage a de nombreuses applications en vidéosurveillance, sécurité, biométrie, photographie, médecine, robotique, indexation d'images et de vidéos, recherche d'images par le contenu, etc. Ces systèmes sont généralement utilisés à des fins de sécurité publique ou de protection de la vie privée ou de données privées ou d'entreprises, dont pour déverrouiller ordinateur/mobile/console, mais aussi en domotique. Le fonctionnement de ces systèmes se base sur une ou plusieurs caméras pour reconnaître l'utilisateur.\n\nLa LAD prend une importance croissante dans les processus de dématérialisation où elle apparaît comme un axe de productivité.\nLa LAD permet, par exemple, d’accélérer le traitement des factures fournisseurs :\narchivage et indexation automatique de l'image du document ;\n(pré)saisie automatisée des écritures comptables (montants HT, TTC...).\nLa saisie des factures et, de façon plus générale, des documents transactionnels tels que bons de livraison ou bons de commande permet de réaliser des progrès dans l’organisation en fiabilisant les procédures de traitement avec une alimentation plus rapide du système d’information.\n\n""]",0.875,0.9322706787297772,0.42857142857142855
26,Dans quel processus la LAD fait elle son essor?,"La LAD, ou lecture automatique de documents, fait son essor dans les processus de dématérialisation. Elle est particulièrement utile pour accélérer le traitement des factures fournisseurs, l'archivage et l'indexation automatique de documents, ainsi que la saisie automatisée des écritures comptables. De manière plus générale, elle permet de réaliser des progrès dans l'organisation en fiabilisant les procédures de traitement avec une alimentation plus rapide du système d'information.","[""Ne pas confondre reconnaissance automatique de documents, ou RAD, ou de type de documents et lecture automatique de documents (LAD). \nEn effet, si la reconnaissance de caractères ou de formes et autres cases à cocher permet de distinguer un document d’un autre ainsi que certains mots contenus de manière à alimenter une base d’index destinée à une gestion électronique de documents, l’appellation LAD, pour lecture automatique de documents, concerne les processus évolués de capture de données sur des documents structurés et désormais aussi non structurés.\nL’objectif n’est pas d’archiver des documents, mais d’alimenter un système d’informations (souvent un système de GED) avec les données contenues dans les documents numérisés dans le cadre de processus de type industriel. La richesse d’une solution avancée de LAD réside dans sa capacité à fournir, en bout de chaîne de traitement, la totalité des informations attendues par le système d'informations lui-même.\n\nUn système de reconnaissance faciale est une application logicielle visant à reconnaître automatiquement une personne grâce à son visage. Il s'agit d'un sujet particulièrement étudié en vision par ordinateur, avec de très nombreuses publications et brevets, et des conférences spécialisées.\nLa reconnaissance de visage a de nombreuses applications en vidéosurveillance, sécurité, biométrie, photographie, médecine, robotique, indexation d'images et de vidéos, recherche d'images par le contenu, etc. Ces systèmes sont généralement utilisés à des fins de sécurité publique ou de protection de la vie privée ou de données privées ou d'entreprises, dont pour déverrouiller ordinateur/mobile/console, mais aussi en domotique. Le fonctionnement de ces systèmes se base sur une ou plusieurs caméras pour reconnaître l'utilisateur.\n\nLa LAD prend une importance croissante dans les processus de dématérialisation où elle apparaît comme un axe de productivité.\nLa LAD permet, par exemple, d’accélérer le traitement des factures fournisseurs :\narchivage et indexation automatique de l'image du document ;\n(pré)saisie automatisée des écritures comptables (montants HT, TTC...).\nLa saisie des factures et, de façon plus générale, des documents transactionnels tels que bons de livraison ou bons de commande permet de réaliser des progrès dans l’organisation en fiabilisant les procédures de traitement avec une alimentation plus rapide du système d’information.\n\n""]",1.0,0.8786921443317031,0.07142857142857142
27,Quelles sont les applications de la LAD?,"Les applications de la LAD (Lecture Automatique de Documents) sont nombreuses et variées. Elle est principalement utilisée pour alimenter un système d'informations avec les données contenues dans les documents numérisés. Cela peut être utilisé dans le cadre de processus de type industriel. La LAD est également utilisée pour accélérer le traitement des factures fournisseurs, grâce à l'archivage et l'indexation automatique de l'image du document et la saisie automatisée des écritures comptables. De plus, la saisie des factures et des documents transactionnels tels que les bons de livraison ou les bons de commande permet de réaliser des progrès dans l'organisation en fiabilisant les procédures de traitement avec une alimentation plus rapide du système d'information. Enfin, la LAD prend une importance croissante dans les processus de dématérialisation où elle apparaît comme un axe de productivité.","[""Ne pas confondre reconnaissance automatique de documents, ou RAD, ou de type de documents et lecture automatique de documents (LAD). \nEn effet, si la reconnaissance de caractères ou de formes et autres cases à cocher permet de distinguer un document d’un autre ainsi que certains mots contenus de manière à alimenter une base d’index destinée à une gestion électronique de documents, l’appellation LAD, pour lecture automatique de documents, concerne les processus évolués de capture de données sur des documents structurés et désormais aussi non structurés.\nL’objectif n’est pas d’archiver des documents, mais d’alimenter un système d’informations (souvent un système de GED) avec les données contenues dans les documents numérisés dans le cadre de processus de type industriel. La richesse d’une solution avancée de LAD réside dans sa capacité à fournir, en bout de chaîne de traitement, la totalité des informations attendues par le système d'informations lui-même.\n\nUn système de reconnaissance faciale est une application logicielle visant à reconnaître automatiquement une personne grâce à son visage. Il s'agit d'un sujet particulièrement étudié en vision par ordinateur, avec de très nombreuses publications et brevets, et des conférences spécialisées.\nLa reconnaissance de visage a de nombreuses applications en vidéosurveillance, sécurité, biométrie, photographie, médecine, robotique, indexation d'images et de vidéos, recherche d'images par le contenu, etc. Ces systèmes sont généralement utilisés à des fins de sécurité publique ou de protection de la vie privée ou de données privées ou d'entreprises, dont pour déverrouiller ordinateur/mobile/console, mais aussi en domotique. Le fonctionnement de ces systèmes se base sur une ou plusieurs caméras pour reconnaître l'utilisateur.\n\nLa LAD prend une importance croissante dans les processus de dématérialisation où elle apparaît comme un axe de productivité.\nLa LAD permet, par exemple, d’accélérer le traitement des factures fournisseurs :\narchivage et indexation automatique de l'image du document ;\n(pré)saisie automatisée des écritures comptables (montants HT, TTC...).\nLa saisie des factures et, de façon plus générale, des documents transactionnels tels que bons de livraison ou bons de commande permet de réaliser des progrès dans l’organisation en fiabilisant les procédures de traitement avec une alimentation plus rapide du système d’information.\n\n""]",1.0,0.9396167899283207,0.42857142857142855
